{
  "records": 4423659,
  "datastore": "tpch-elasticsearch8",
  "properties": {
    "indexName": "lineitem"
  },
  "attributes": {
    "shippingDate": {
      "properties": {
        "fieldName": "l_shipdate",
        "fieldType": "date"
      },
      "value": {
        "faker": {
          "date_between": {
            "start_date": "-1y"
          }
        }
      }
    },
    "orderKey": {
      "properties": {
        "fieldName": "l_orderkey",
        "fieldType": "keyword"
      },
      "value": {
        "ref": "orders.key"
      }
    },
    "discount": {
      "properties": {
        "fieldName": "l_discount",
        "fieldType": "float"
      },
      "value": {
        "faker": {
          "pyfloat": {
            "min_value": 0,
            "max_value": 0.3,
            "right_digits": 2
          }
        }
      }
    },
    "extendedPrice": {
      "properties": {
        "fieldName": "l_extendedprice",
        "fieldType": "float"
      },
      "value": {
        "faker": {
          "pyfloat": {
            "min_value": 100,
            "max_value": 10000,
            "right_digits": 2
          }
        }
      }
    },
    "supplierKey": {
      "properties": {
        "fieldName": "l_suppkey",
        "fieldType": "keyword"
      },
      "value": {
        "ref": "partSupplier.supplierKey"
      }
    },
    "quantity": {
      "properties": {
        "fieldName": "l_quantity",
        "fieldType": "integer"
      },
      "value": {
        "faker": {
          "pyint": {
            "min_value": 1,
            "max_value": 20
          }
        }
      }
    },
    "returnFlag": {
      "properties": {
        "fieldName": "l_returnflag",
        "fieldType": "keyword"
      },
      "value": {
        "selector": {
          "random": {
            "items": [
              "N",
              "A",
              "R"
            ]
          }
        }
      }
    },
    "partKey": {
      "properties": {
        "fieldName": "l_partkey",
        "fieldType": "keyword"
      },
      "value": {
        "ref": "partSupplier.partKey"
      }
    },
    "lineStatus": {
      "properties": {
        "fieldName": "l_linestatus",
        "fieldType": "keyword"
      },
      "value": {
        "ref": "orders.status"
      }
    },
    "tax": {
      "properties": {
        "fieldName": "l_tax",
        "fieldType": "float"
      },
      "value": {
        "faker": {
          "pyfloat": {
            "min_value": 0,
            "max_value": 0.5,
            "right_digits": 1
          }
        }
      }
    },
    "commitDate": {
      "properties": {
        "fieldName": "l_commitdate",
        "fieldType": "date"
      },
      "value": {
        "faker": {
          "date_between": {
            "start_date": "-1y"
          }
        }
      }
    },
    "receiptDate": {
      "properties": {
        "fieldName": "l_receiptdate",
        "fieldType": "date"
      },
      "value": {
        "faker": {
          "date_between": {
            "start_date": "-1y"
          }
        }
      }
    },
    "shippingMode": {
      "properties": {
        "fieldName": "l_shipmode",
        "fieldType": "keyword"
      },
      "value": {
        "selector": {
          "random": {
            "items": [
              "RAIL",
              "TRUCK",
              "SHIP",
              "MAIL",
              "AIR",
              "FOB",
              "REG AIR"
            ]
          }
        }
      }
    },
    "lineNumber": {
      "properties": {
        "fieldName": "l_linenumber",
        "fieldType": "integer"
      },
      "value": {
        "faker": {
          "pyint": {
            "min_value": 1,
            "max_value": 5
          }
        }
      }
    },
    "shippingInstructions": {
      "properties": {
        "fieldName": "l_shipinstruct",
        "fieldType": "keyword"
      },
      "value": {
        "faker": {
          "sentence": {
            "nb_words": 20
          }
        }
      }
    },
    "comment": {
      "properties": {
        "fieldName": "l_comment",
        "fieldType": "keyword"
      },
      "value": {
        "faker": {
          "sentence": {
            "nb_words": 20
          }
        }
      }
    }
  }
}